[
    {
        "movieID": 1,
        "title": "Star Wars: Episode V - The Empire Strikes Back",
        "studio": "Twentieth Century Fox",
        "genres": [
            "Action",
            "Adventure",
            "Fantasy"
        ],
        "directors": [
            "Irvin Kershner"
        ],
        "writers": [
            "Leigh Brackett",
            "Lawrence Kasdan",
            "George Lucas"
        ],
        "actors": [
            "Mark Hamill",
            "Harrison Ford",
            "Carrie Fisher"
        ],
        "year": 1980,
        "length": 124,
        "shortDescription": "After the Rebels are overpowered by the Empire, Luke Skywalker begins his Jedi training with Yoda, while his friends are pursued across the galaxy by Darth Vader and bounty hunter Boba Fett.",
        "mpaRating": "PG",
        "criticsRating": 8.7
    },
    {
        "movieID": 2,
        "title": "The Matrix",
        "studio": "Warner Bros. Pictures",
        "genres": [
            "Action",
            "Sci-Fi"
        ],
        "directors": [
            "Lana Wachowski",
            "Lilly Wachowski"
        ],
        "writers": [
            "Lana Wachowski",
            "Lilly Wachowski"
        ],
        "actors": [
            "Keanu Reaves",
            "Laurence Fishburne",
            "Carrie-Anne Moss"
        ],
        "year": 1999,
        "length": 136,
        "shortDescription": "When a beautiful stranger leads computer hacker Neo to a forbidding underworld, he discovers the shocking truth--the life he knows is the elaborate deception of an evil cyber-intelligence.",
        "mpaRating": "R",
        "criticsRating": 8.7
    },
    {
        "movieID": 3,
        "title": "Star Wars: Episode IV - A New Hope",
        "studio": "Twentieth Century Fox",
        "genres": [
            "Action",
            "Adventure",
            "Fantasy"
        ],
        "directors": [
            "George Lucas"
        ],
        "writers": [
            "George Lucas"
        ],
        "actors": [
            "Mark Hamill",
            "Harrison Ford",
            "Carrie Fisher"
        ],
        "year": 1977,
        "length": 121,
        "shortDescription": "Luke Skywalker joins forces with a Jedi Knight, a cocky pilot, a Wookiee and two droids to save the galaxy from the Empire's world-destroying battle station, while also attempting to rescue Princess Leia from the mysterious Darth Vader.",
        "mpaRating": "PG",
        "criticsRating": 8.6
    },
    {
        "movieID": 4,
        "title": "Back to the Future",
        "studio": "Universal Pictures",
        "genres": [
            "Adventure",
            "Comedy",
            "Sci-Fi"
        ],
        "directors": [
            "Robert Zemeckis"
        ],
        "writers": [
            "Robet Zemeckis",
            "Bob Gale"
        ],
        "actors": [
            "Michael J. Fox",
            "Christopher Lloyd",
            "Lea Thompson"
        ],
        "year": 1985,
        "length": 116,
        "shortDescription": "Marty McFly, a 17-year-old high school student, is accidentally sent 30 years into the past in a time-traveling DeLorean invented by his close friend, the maverick scientist Doc Brown.",
        "mpaRating": "PG",
        "criticsRating": 8.5
    },
    {
        "movieID": 5,
        "title": "Alien",
        "studio": "Twentieth Century Fox",
        "genres": [
            "Horror",
            "Sci-Fi"
        ],
        "directors": [
            "Ridley Scott"
        ],
        "writers": [
            "Dan O'Bannon",
            "Ronald Shusett"
        ],
        "actors": [
            "Sigourney Weaver",
            "Tom Skerritt",
            "John Hurt"
        ],
        "year": 1979,
        "length": 117,
        "shortDescription": "The crew of a commercial spacecraft encounter a deadly lifeform after investigating an unknown transmission.",
        "mpaRating": "R",
        "criticsRating": 8.5
    },
    {
        "movieID": 6,
        "title": "Raiders of th Lost Ark",
        "studio": "Paramount Pictures",
        "genres": [
            "Action",
            "Adventure"
        ],
        "directors": [
            "Steven Spielberg"
        ],
        "writers": [
            "Lawrence Kasdan",
            "George Lucas",
            "Philip Kaufman"
        ],
        "actors": [
            "Harrison Ford",
            "Karen Allen",
            "Paul Freeman"
        ],
        "year": 1981,
        "length": 115,
        "shortDescription": "In 1936, archaeologist and adventurer Indiana Jones is hired by the U.S. government to find the Ark of the Covenant before the Nazis can obtain its awesome powers.",
        "mpaRating": "PG",
        "criticsRating": 8.4
    },
    {
        "movieID": 7,
        "title": "Blade Runner",
        "studio": "Warner Bros. Pictures",
        "genres": [
            "Action",
            "Drama",
            "Sci-Fi"
        ],
        "directors": [
            "Ridley Scott"
        ],
        "writers": [
            "Hampton Fancher",
            "David Webb Peoples",
            "Philip K. Dick"
        ],
        "actors": [
            "Harrison Ford",
            "Rutger Hauer",
            "Sean Young"
        ],
        "year": 1982,
        "length": 117,
        "shortDescription": "A blade runner must pursue and terminate four replicants who stole a ship in space and have returned to Earth to find their creator.",
        "mpaRating": "R",
        "criticsRating": 8.1
    },
    {
        "movieID": 8,
        "title": "The Terminator",
        "studio": "Orion Pictures",
        "genres": [
            "Action",
            "Sci-Fi"
        ],
        "directors": [
            "James Cameron"
        ],
        "writers": [
            "James Cameron",
            "Gale Anne Hurd",
            "William Wisher"
        ],
        "actors": [
            "Arnold Schwarzenegger",
            "Linda Hamilton",
            "Michael Biegn"
        ],
        "year": 1984,
        "length": 107,
        "shortDescription": "A human soldier is sent from 2029 to 1984 to stop an almost indestructible cyborg killing machine, sent from the same year, which has been programmed to execute a young woman whose unborn son is the key to humanity's future salvation.",
        "mpaRating": "R",
        "criticsRating": 8.1
    },
    {
        "movieID": 9,
        "title": "The Princess Bride",
        "studio": "Twentieth Century Fox",
        "genres": [
            "Adventure",
            "Comedy",
            "Family"
        ],
        "directors": [
            "Rob Reiner"
        ],
        "writers": [
            "William Goldman"
        ],
        "actors": [
            "Cary Elwes",
            "Mandy Patinkin",
            "Robin Wright"
        ],
        "year": 1987,
        "length": 98,
        "shortDescription": "A bedridden boy's grandfather reads him the story of a farmboy-turned-pirate who encounters numerous obstacles, enemies and allies in his quest to be reunited with his true love.",
        "mpaRating": "PG",
        "criticsRating": 8
    },
    {
        "movieID": 10,
        "title": "Star Trek II: The Wrath of Khan",
        "studio": "Paramount Pictures",
        "genres": [
            "Action",
            "Adventure",
            "Sci-Fi"
        ],
        "directors": [
            "Nicholas Meyer"
        ],
        "writers": [
            "Gene Roddenberry",
            "Jack B. Sowards",
            "Harve Bennett"
        ],
        "actors": [
            "William Shatner",
            "Leonard Nimoy",
            "DeForest Kelley"
        ],
        "year": 1982,
        "length": 113,
        "shortDescription": "With the assistance of the Enterprise crew, Admiral Kirk must stop an old nemesis, Khan Noonien Singh, from using the life-generating Genesis Device as the ultimate weapon.",
        "mpaRating": "PG",
        "criticsRating": 7.7
    }
]